#SUBMITTED ID;FBID_KEY;ANNOTATION_SYMBOL;FEATURE_TYPE;GO_BIOLOGICAL_PROCESS;GO_MOLECULAR_FUNCTION;NAME;SYMBOL
FBgn0013686;FBgn0013686;CR34094;SO0002364:mt_LSU_rRNA_gene;"pole cell formation ; GO:0007279 | involved_in traceable author statement <newline> pole cell formation ; GO:0007279 |";"structural constituent of ribosome ; GO:0003735 | enables inferred from electronic annotation with Rfam:RF02540 <newline> structural constituent of ribosome ; GO:0003735 | enables non-traceable author statement <newline> structural constituent of ribosome ; GO:0003735 |";mitochondrial large ribosomal RNA;mt:lrRNA
FBgn0013679;FBgn0013679;CG34092;SO0001217:protein_coding_gene;"mitochondrial electron transport, NADH to ubiquinone ; GO:0006120 | involved_in inferred by curator from GO:0005747 <newline> aerobic respiration ; GO:0009060 | involved_in inferred from biological aspect of ancestor with PANTHER:PTN000153359 <newline> mitochondrial electron transport, NADH to ubiquinone ; GO:0006120 | <newline> aerobic respiration ; GO:0009060 |";"NADH dehydrogenase activity ; GO:0003954 | contributes_to inferred from biological aspect of ancestor with PANTHER:PTN000153359 <newline> NADH dehydrogenase (ubiquinone) activity ; GO:0008137 | enables non-traceable author statement <newline> NADH dehydrogenase activity ; GO:0003954 | <newline> NADH dehydrogenase (ubiquinone) activity ; GO:0008137 |";mitochondrial NADH-ubiquinone oxidoreductase chain 1;mt:ND1
FBgn0013680;FBgn0013680;CG34063;SO0001217:protein_coding_gene;"mitochondrial electron transport, NADH to ubiquinone ; GO:0006120 | involved_in inferred from electronic annotation with InterPro:IPR003917, InterPro:IPR010933 <newline> mitochondrial electron transport, NADH to ubiquinone ; GO:0006120 | involved_in inferred from biological aspect of ancestor with PANTHER:PTN001865432 <newline> mitochondrial electron transport, NADH to ubiquinone ; GO:0006120 | involved_in inferred by curator from GO:0005747 <newline> mitochondrial electron transport, NADH to ubiquinone ; GO:0006120 |";"NADH dehydrogenase (ubiquinone) activity ; GO:0008137 | enables inferred from biological aspect of ancestor with PANTHER:PTN001865432 <newline> NADH dehydrogenase (ubiquinone) activity ; GO:0008137 | enables inferred from electronic annotation with InterPro:IPR003917, InterPro:IPR010933 <newline> NADH dehydrogenase (ubiquinone) activity ; GO:0008137 |";mitochondrial NADH-ubiquinone oxidoreductase chain 2;mt:ND2
FBgn0013681;FBgn0013681;CG34076;SO0001217:protein_coding_gene;"mitochondrial electron transport, NADH to ubiquinone ; GO:0006120 | involved_in inferred by curator from GO:0005747 <newline> mitochondrial electron transport, NADH to ubiquinone ; GO:0006120 |";"NADH dehydrogenase (ubiquinone) activity ; GO:0008137 | enables inferred from biological aspect of ancestor with PANTHER:PTN000114844 <newline> NADH dehydrogenase (ubiquinone) activity ; GO:0008137 | enables inferred from electronic annotation with InterPro:IPR000440 <newline> NADH dehydrogenase (ubiquinone) activity ; GO:0008137 |";mitochondrial NADH-ubiquinone oxidoreductase chain 3;mt:ND3
FBgn0262952;FBgn0262952;CG34085;SO0001217:protein_coding_gene;"ATP synthesis coupled electron transport ; GO:0042773 | involved_in inferred from electronic annotation with InterPro:IPR003918 <newline> aerobic respiration ; GO:0009060 | involved_in inferred from biological aspect of ancestor with PANTHER:PTN000511780 <newline> mitochondrial electron transport, NADH to ubiquinone ; GO:0006120 | involved_in inferred by curator from GO:0005747 <newline> electron transport coupled proton transport ; GO:0015990 | involved_in inferred from biological aspect of ancestor with PANTHER:PTN000511780 <newline> ATP synthesis coupled electron transport ; GO:0042773 | <newline> aerobic respiration ; GO:0009060 | <newline> mitochondrial electron transport, NADH to ubiquinone ; GO:0006120 | <newline> electron transport coupled proton transport ; GO:0015990 |";"ubiquinone binding ; GO:0048039 | enables inferred from biological aspect of ancestor with PANTHER:PTN000511780 <newline> NADH dehydrogenase (ubiquinone) activity ; GO:0008137 | enables inferred from electronic annotation with InterPro:IPR003918 <newline> NADH dehydrogenase activity ; GO:0003954 | contributes_to inferred from biological aspect of ancestor with PANTHER:PTN000511780 <newline> ubiquinone binding ; GO:0048039 | <newline> NADH dehydrogenase (ubiquinone) activity ; GO:0008137 | <newline> NADH dehydrogenase activity ; GO:0003954 |";mitochondrial NADH-ubiquinone oxidoreductase chain 4;mt:ND4
FBgn0013683;FBgn0013683;CG34086;SO0001217:protein_coding_gene;"ATP synthesis coupled electron transport ; GO:0042773 | involved_in inferred from electronic annotation with InterPro:IPR001133 <newline> mitochondrial electron transport, NADH to ubiquinone ; GO:0006120 | involved_in inferred by curator from GO:0005747 <newline> ATP synthesis coupled electron transport ; GO:0042773 | <newline> mitochondrial electron transport, NADH to ubiquinone ; GO:0006120 |";"NADH dehydrogenase (ubiquinone) activity ; GO:0008137 | enables non-traceable author statement <newline> oxidoreductase activity, acting on NAD(P)H ; GO:0016651 | enables inferred from electronic annotation with InterPro:IPR001133 <newline> NADH dehydrogenase (ubiquinone) activity ; GO:0008137 | <newline> oxidoreductase activity, acting on NAD(P)H ; GO:0016651 |";mitochondrial NADH-ubiquinone oxidoreductase chain 4L;mt:ND4L
FBgn0013684;FBgn0013684;CG34083;SO0001217:protein_coding_gene;"mitochondrial electron transport, NADH to ubiquinone ; GO:0006120 | involved_in inferred by curator from GO:0005747 <newline> electron transport coupled proton transport ; GO:0015990 | involved_in inferred from biological aspect of ancestor with PANTHER:PTN000511978 <newline> ATP synthesis coupled electron transport ; GO:0042773 | involved_in inferred from electronic annotation with InterPro:IPR003945 <newline> mitochondrial electron transport, NADH to ubiquinone ; GO:0006120 | <newline> electron transport coupled proton transport ; GO:0015990 | <newline> ATP synthesis coupled electron transport ; GO:0042773 |";"NADH dehydrogenase activity ; GO:0003954 | enables inferred from biological aspect of ancestor with PANTHER:PTN000511978 <newline> NADH dehydrogenase (ubiquinone) activity ; GO:0008137 | enables inferred from electronic annotation with InterPro:IPR003945 <newline> NADH dehydrogenase activity ; GO:0003954 | <newline> NADH dehydrogenase (ubiquinone) activity ; GO:0008137 |";mitochondrial NADH-ubiquinone oxidoreductase chain 5;mt:ND5
FBgn0013685;FBgn0013685;CG34089;SO0001217:protein_coding_gene;"mitochondrial electron transport, NADH to ubiquinone ; GO:0006120 | involved_in inferred by curator from GO:0005747 <newline> mitochondrial electron transport, NADH to ubiquinone ; GO:0006120 |";"NADH dehydrogenase (ubiquinone) activity ; GO:0008137 | enables inferred from electronic annotation with InterPro:IPR001457 <newline> NADH dehydrogenase (ubiquinone) activity ; GO:0008137 |";mitochondrial NADH-ubiquinone oxidoreductase chain 6;mt:ND6
FBgn0013687;FBgn0013687;-;SO0000296:origin_of_replication;-;-;mitochondrial origin;mt:ori
FBgn0013688;FBgn0013688;CR34096;SO0002365:mt_SSU_rRNA_gene;"pole cell formation ; GO:0007279 | involved_in traceable author statement <newline> pole cell formation ; GO:0007279 |";-;mitochondrial small ribosomal RNA;mt:srRNA
FBgn0013689;FBgn0013689;CR34077;SO0001272:tRNA_gene;"translation ; GO:0006412 | involved_in inferred from sequence model <newline> translation ; GO:0006412 |";"GCA codon-amino acid adaptor activity ; GO:0033455 | enables inferred from sequence model <newline> triplet codon-amino acid adaptor activity ; GO:0030533 | enables inferred from electronic annotation with Rfam:RF00005 <newline> GCA codon-amino acid adaptor activity ; GO:0033455 | <newline> triplet codon-amino acid adaptor activity ; GO:0030533 |";mitochondrial transfer RNA:Alanine-TGC;mt:tRNA:Ala-TGC
FBgn0013704;FBgn0013704;CR34078;SO0001272:tRNA_gene;"translation ; GO:0006412 | involved_in inferred by curator <newline> translation ; GO:0006412 |";"CGA codon-amino acid adaptor activity ; GO:0033431 | enables inferred from sequence model <newline> CGA codon-amino acid adaptor activity ; GO:0033431 |";mitochondrial transfer RNA:Arginine-TCG;mt:tRNA:Arg-TCG
FBgn0013701;FBgn0013701;CR34079;SO0001272:tRNA_gene;"translation ; GO:0006412 | involved_in inferred by curator <newline> translation ; GO:0006412 |";"AAC codon-amino acid adaptor activity ; GO:0033442 | enables inferred from sequence model <newline> AAC codon-amino acid adaptor activity ; GO:0033442 |";mitochondrial transfer RNA:Asparagine-GTT;mt:tRNA:Asn-GTT
FBgn0013691;FBgn0013691;CR34071;SO0001272:tRNA_gene;"translation ; GO:0006412 | involved_in inferred from sequence model <newline> translation ; GO:0006412 |";"GAC codon-amino acid adaptor activity ; GO:0033458 | enables inferred from sequence model <newline> GAC codon-amino acid adaptor activity ; GO:0033458 |";mitochondrial transfer RNA:Aspartic acid-GTC;mt:tRNA:Asp-GTC
FBgn0013690;FBgn0013690;CR34065;SO0001272:tRNA_gene;"translation ; GO:0006412 | involved_in inferred from sequence model <newline> translation ; GO:0006412 |";"UGC codon-amino acid adaptor activity ; GO:0033414 | enables inferred from sequence model <newline> UGC codon-amino acid adaptor activity ; GO:0033414 |";mitochondrial transfer RNA:Cysteine-GCA;mt:tRNA:Cys-GCA
FBgn0013703;FBgn0013703;CR34061;SO0001272:tRNA_gene;"translation ; GO:0006412 | involved_in inferred from sequence model <newline> translation ; GO:0006412 |";"CAA codon-amino acid adaptor activity ; GO:0033427 | enables inferred from sequence model <newline> CAA codon-amino acid adaptor activity ; GO:0033427 |";mitochondrial transfer RNA:Glutamine-TTG;mt:tRNA:Gln-TTG
FBgn0013692;FBgn0013692;CR34081;SO0001272:tRNA_gene;"translation ; GO:0006412 | involved_in inferred from sequence model <newline> translation ; GO:0006412 |";"GAA codon-amino acid adaptor activity ; GO:0033459 | enables inferred from sequence model <newline> GAA codon-amino acid adaptor activity ; GO:0033459 |";mitochondrial transfer RNA:Glutamic acid-TTC;mt:tRNA:Glu-TTC
FBgn0013694;FBgn0013694;CR34075;SO0001272:tRNA_gene;"translation ; GO:0006412 | involved_in inferred from sequence model <newline> translation ; GO:0006412 |";"GGA codon-amino acid adaptor activity ; GO:0033463 | enables inferred from sequence model <newline> GGA codon-amino acid adaptor activity ; GO:0033463 |";mitochondrial transfer RNA:Glycine-TCC;mt:tRNA:Gly-TCC
FBgn0013695;FBgn0013695;CR34084;SO0001272:tRNA_gene;"translation ; GO:0006412 | involved_in inferred from sequence model <newline> translation ; GO:0006412 |";"CAC codon-amino acid adaptor activity ; GO:0033426 | enables inferred from sequence model <newline> CAC codon-amino acid adaptor activity ; GO:0033426 |";mitochondrial transfer RNA:Histidine-GTG;mt:tRNA:His-GTG
FBgn0013696;FBgn0013696;CR34060;SO0001272:tRNA_gene;"translation ; GO:0006412 | involved_in inferred from sequence model <newline> translation ; GO:0006412 |";"AUC codon-amino acid adaptor activity ; GO:0033434 | enables inferred from sequence model <newline> AUC codon-amino acid adaptor activity ; GO:0033434 |";mitochondrial transfer RNA:Isoleucine-GAT;mt:tRNA:Ile-GAT
FBgn0013699;FBgn0013699;CR34068;SO0001272:tRNA_gene;"translation ; GO:0006412 | involved_in inferred from sequence model <newline> translation ; GO:0006412 |";"UUA codon-amino acid adaptor activity ; GO:0033403 | enables inferred from sequence model <newline> UUA codon-amino acid adaptor activity ; GO:0033403 |";mitochondrial transfer RNA:Leucine-TAA;mt:tRNA:Leu-TAA
FBgn0013698;FBgn0013698;CR34093;SO0001272:tRNA_gene;"translation ; GO:0006412 | involved_in inferred from sequence model <newline> translation ; GO:0006412 |";"CUA codon-amino acid adaptor activity ; GO:0033419 | enables inferred from sequence model <newline> CUA codon-amino acid adaptor activity ; GO:0033419 |";mitochondrial transfer RNA:Leucine-TAG;mt:tRNA:Leu-TAG
FBgn0013697;FBgn0013697;CR34070;SO0001272:tRNA_gene;"translation ; GO:0006412 | involved_in inferred from sequence model <newline> translation ; GO:0006412 |";"AAG codon-amino acid adaptor activity ; GO:0033444 | enables inferred from sequence model <newline> AAG codon-amino acid adaptor activity ; GO:0033444 |";mitochondrial transfer RNA:Lysine-CTT;mt:tRNA:Lys-CTT
FBgn0013700;FBgn0013700;CR34062;SO0001272:tRNA_gene;"translation ; GO:0006412 | involved_in inferred from sequence model <newline> translation ; GO:0006412 |";"triplet codon-amino acid adaptor activity ; GO:0030533 | enables inferred from electronic annotation with Rfam:RF00005 <newline> AUG codon-amino acid adaptor activity ; GO:0033436 | enables inferred from sequence model <newline> triplet codon-amino acid adaptor activity ; GO:0030533 | <newline> AUG codon-amino acid adaptor activity ; GO:0033436 |";mitochondrial transfer RNA:Methionine-CAT;mt:tRNA:Met-CAT
FBgn0013693;FBgn0013693;CR34082;SO0001272:tRNA_gene;"translation ; GO:0006412 | involved_in inferred from sequence model <newline> translation ; GO:0006412 |";"UUC codon-amino acid adaptor activity ; GO:0033402 | enables inferred from sequence model <newline> UUC codon-amino acid adaptor activity ; GO:0033402 |";mitochondrial transfer RNA:Phenylalanine-GAA;mt:tRNA:Phe-GAA
FBgn0013702;FBgn0013702;CR34088;SO0001272:tRNA_gene;"translation ; GO:0006412 | involved_in inferred by curator <newline> translation ; GO:0006412 |";"CCA codon-amino acid adaptor activity ; GO:0033423 | enables inferred from sequence model <newline> CCA codon-amino acid adaptor activity ; GO:0033423 |";mitochondrial transfer RNA:Proline-TGG;mt:tRNA:Pro-TGG
FBgn0013705;FBgn0013705;CR34080;SO0001272:tRNA_gene;"translation ; GO:0006412 | involved_in inferred from sequence model <newline> translation ; GO:0006412 |";"AGC codon-amino acid adaptor activity ; GO:0033446 | enables inferred from sequence model <newline> AGC codon-amino acid adaptor activity ; GO:0033446 |";mitochondrial transfer RNA:Serine-GCT;mt:tRNA:Ser-GCT
FBgn0013706;FBgn0013706;CR34091;SO0001272:tRNA_gene;"translation ; GO:0006412 | involved_in inferred from sequence model <newline> translation ; GO:0006412 |";"UCA codon-amino acid adaptor activity ; GO:0033407 | enables inferred from sequence model <newline> UCA codon-amino acid adaptor activity ; GO:0033407 |";mitochondrial transfer RNA:Serine-TGA;mt:tRNA:Ser-TGA
FBgn0013707;FBgn0013707;CR34087;SO0001272:tRNA_gene;-;"triplet codon-amino acid adaptor activity ; GO:0030533 | enables inferred from electronic annotation with Rfam:RF00005 <newline> triplet codon-amino acid adaptor activity ; GO:0030533 |";mitochondrial transfer RNA:Threonine-TGT;mt:tRNA:Thr-TGT
FBgn0013709;FBgn0013709;CR34064;SO0001272:tRNA_gene;"translation ; GO:0006412 | involved_in inferred from sequence model <newline> translation ; GO:0006412 |";"UGA codon-amino acid adaptor activity ; GO:0033415 | enables inferred from sequence model <newline> UGA codon-amino acid adaptor activity ; GO:0033415 |";mitochondrial transfer RNA:Tryptophan-TCA;mt:tRNA:Trp-TCA
FBgn0013710;FBgn0013710;CR34066;SO0001272:tRNA_gene;"translation ; GO:0006412 | involved_in inferred from sequence model <newline> translation ; GO:0006412 |";"triplet codon-amino acid adaptor activity ; GO:0030533 | enables inferred from electronic annotation with Rfam:RF00005 <newline> UAC codon-amino acid adaptor activity ; GO:0033410 | enables inferred from sequence model <newline> triplet codon-amino acid adaptor activity ; GO:0030533 | <newline> UAC codon-amino acid adaptor activity ; GO:0033410 |";mitochondrial transfer RNA:Tyrosine-GTA;mt:tRNA:Tyr-GTA
FBgn0013708;FBgn0013708;CR34095;SO0001272:tRNA_gene;-;"triplet codon-amino acid adaptor activity ; GO:0030533 | enables inferred from electronic annotation with Rfam:RF00005 <newline> triplet codon-amino acid adaptor activity ; GO:0030533 |";mitochondrial transfer RNA:Valine-TAC;mt:tRNA:Val-TAC
